category,idea,sustainability,social
Sustainable living and climate solutions,Carbon accounting services for SMBs. ,1,
Sustainable living and climate solutions,Reusable packaging company.,1,
Sustainable living and climate solutions,Sustainable landscaping and lawn care.,1,
Sustainable living and climate solutions,Home energy audit and retrofitting service.,1,
Sustainable living and climate solutions,Green building consulting for commercial properties.,1,
"Health, wellness, and aging",At-home diagnostics and lab-testing services. ,,1
"Health, wellness, and aging",Women-focused wellness products or clinics.,,1
"Health, wellness, and aging",Mobile physical therapy or rehab services.,,1
"Health, wellness, and aging",Sleep optimization solutions.,,1
"Health, wellness, and aging",Workplace mental health consulting for small businesses. ,,1
AI and automation-powered services,AI-powered customer support outsourcing.,,
AI and automation-powered services,Video or podcast editing with AI enhancements.,,
AI and automation-powered services,Custom GPT agents for internal business tasks.,,
AI and automation-powered services,AI prompt engineering consultancy or training. ,,
AI and automation-powered services,HR automation consulting. ,,
Education and upskilling,Microlearning courses.,,
Education and upskilling,AI literacy workshops for non-technical teams.,,
Education and upskilling,Trade skill boot camps for high-demand jobs. ,,
Education and upskilling,Kids’ enrichment programs focused on soft skills or entrepreneurship. ,,1
Education and upskilling,Digital coaching for neurodiverse learners. ,,1
Home and local services,Senior move management and downsizing services. ,,1
Home and local services,EV charger installation business.,,
Home and local services,Pet waste removal or mobile grooming services.,,
Home and local services,Luxury appliance maintenance and repair. ,,
Home and local services,Home office design and ergonomic consulting. ,,
Digital products and content creation,Productivity template marketplace.,,
Digital products and content creation,AI-assisted ghostwriting or content strategy services.,,
Digital products and content creation,Niche paid newsletters or communities.,,
Digital products and content creation,Online course creation services for experts. ,,
Digital products and content creation,Children’s digital storybooks or interactive learning apps.,,
Food and beverage,Specialty nonalcoholic beverage brand. ,,
Food and beverage,Meal prep or delivery for chronic conditions. ,,1
Food and beverage,Zero-waste or low-packaging grocery delivery. ,1,
Food and beverage,Hyperlocal food product business. ,,
Food and beverage,Private chef services for events or busy professionals.,,
E-commerce and retail,Online resale store for kids’ clothes or toys. ,,
E-commerce and retail,Ethical or fair trade fashion boutique.,,1
E-commerce and retail,Print-on-demand niche merch brand. ,,
E-commerce and retail,Social shopping setup and fulfillment services.,,1
E-commerce and retail,AR/VR virtual storefront design for indie brands.,,
Finance and legal services,Fractional CFO or bookkeeping for solopreneurs.,,
Finance and legal services,Tax planning services for creator economy workers.,,
Finance and legal services,Small business compliance consulting. ,,
Finance and legal services,Digital estate planning for millennials.,,
Finance and legal services,Credit repair or financial coaching for Gen Z.,,
Experiences and travel,Regenerative travel planning services.,,
Experiences and travel,Solo travel safety tools or gear.,,
Experiences and travel,Off-grid or tiny home vacation rentals.,,
Experiences and travel,Local experience platforms for rural areas.,,
Experiences and travel,Pet-friendly travel services or planning tools. ,,
Logistics and rentals,Self-serve vending machine business. ,,
Logistics and rentals,Baby gear rental service for travelers. ,,
Logistics and rentals,Storage unit business with tech-enabled access. ,,
Logistics and rentals,Event or DIY equipment rental service. ,,
Logistics and rentals,Peer-to-peer car sharing or local rental fleet,1,
